{"val_loss": [16.35310315132141, 16.30876461831675, 15.701694555012164], "val_f2_score": [0.0, 0.0, 0.0], "loss": [16.894640979766844, 16.49884612154885, 16.161473720550536], "f2_score": [0.0, 0.0, 0.0]}